Term,F,p,PartialEta2
Model,7.0981937290951,0.0113628665090071,0.0804816833621448
