Term,F,p,PartialEta2
Model,2.19555802426624,0.146876240994706,0.0280077403529623
