Term,F,p,PartialEta2
Model,9.02679311802772,0.00475355183792217,0.098060200445424
