Term,F,p,PartialEta2
Model,2.42414638766157,0.127991655115532,0.030744437226677
