Estimate,SE,tStat,pValue
-0.0496417249142874,0.125251204906624,-0.396337304310131,0.69413279123761
-0.124609160513132,0.0467709343624372,-2.6642435566395,0.0113628665090071
