Term,F,p,PartialEta2
Model,1.8209923592506,0.185394917335813,0.0234537069840859
