Estimate,SE,tStat,pValue
0.135130915720897,0.220539575160573,0.61272864801027,0.543803724039346
-0.12822127419237,0.0823532356582495,-1.55696704771218,0.127991655115532
