Estimate,SE,tStat,pValue
0.176724447880795,0.276780899290226,0.638499435235543,0.527081343526756
-0.153144960184343,0.103354704516657,-1.48174155110337,0.146876240994706
