Estimate,SE,tStat,pValue
-0.11924404946613,0.0932410787620194,-1.27887891312882,0.208902913740638
-0.104608787353512,0.0348178077641039,-3.00446220113146,0.00475355183792214
