Estimate,SE,tStat,pValue
0.165497786410541,0.111237996053976,1.48778108453371,0.14528235567641
-0.0560533214478974,0.0415381633727852,-1.34944149901009,0.185394917335813
