Term,F,p,PartialEta2
Model,6.30226152145174,0.000716592123796748,0.100631280948554
. Linear,0.00330027217999302,0.996705312469178,3.90607283339687e-05
. Nonlinear,18.9001840199952,4.27339346435834e-05,0.100599683783749
. Lack of fit,14.8442059496719,0.20406858557276,0.307214846546929
