Term,F,p,PartialEta2
Model,5.37363664206849,0.00209411191087384,0.088377524539606
. Linear,0.220059957662638,0.802986973467648,0.00263973505664783
. Nonlinear,15.6807900108802,0.000169138598373838,0.0861726318239392
. Lack of fit,6.02679225653113,0.315065632468695,0.310351384567355
