Term,F,p,PartialEta2
Model,4.06182046271087,0.00990679835580082,0.069708295827779
. Linear,0.477407118117362,0.622262178969933,0.0058371353262336
. Nonlinear,11.2306471518979,0.00126248135878624,0.0645990218338869
. Lack of fit,2.31345499896669,0.487075080795438,0.314371920360217
