Term,F,p,PartialEta2
Model,6.53709662471337,0.014682349201288,0.0732161727920937
. Lack of fit,4.84781891199085,0.347646618250633,0.313507809542287
