Term,F,p,PartialEta2
Model,37.7084155277176,3.65038738303109e-07,0.24800615978808
. Lack of fit,1.60458594140628,0.565114461405625,0.246331390498735
