Term,F,p,PartialEta2
Model,23.5059241286391,2.13012533938111e-05,0.190427365436111
. Lack of fit,2.38443233772064,0.478758640798425,0.273254449531405
