Estimate,SE,tStat,pValue
-0.116478869322288,0.074723816158537,-1.55879176560204,0.127336188646281
0.0701062358749016,0.0274197946231744,2.55677465270473,0.014682349201288
