Estimate,SE,tStat,pValue
0.813461518148522,0.207047880921928,3.92885700895078,0.000348550586200314
0.368353337574656,0.0759759158980548,4.84829084612702,2.1301253393835e-05
