Term,F,p,PartialEta2
Model,14.1542594037922,0.000567867634102075,0.13556126155016
. Lack of fit,9.87166061894416,0.247935369170957,0.295708049961405
