Estimate,SE,tStat,pValue
-0.00782653207407428,0.0845032711054473,-0.0926180959824378,0.926693546023834
0.190413535593557,0.0310083512568713,6.14071783488849,3.65038738348034e-07
