Estimate,SE,tStat,pValue
-0.0383501474422786,0.0862513427516684,-0.444632468536692,0.659107622981453
0.119073356093992,0.0316498035807768,3.76221469400567,0.000567867634102104
