Estimate,SE,tStat,pValue
0.26329857902566,0.151173604272147,1.74169677499825,0.0896521757136262
0.202023530505455,0.0554729321210363,3.64183977267797,0.000804167262324462
