Term,F,p,PartialEta2
Model,13.2629969298591,0.000804167262324505,0.128526702951158
. Lack of fit,1.51379217640444,0.578450092671527,0.293356708573026
