Estimate,SE,tStat,pValue
0.167810020869519,0.0807172620702544,2.07898554244148,0.0446063263149329
-0.0806818971028938,0.030141201188587,-2.67679766967761,0.0110134210564183
