Term,F,p,PartialEta2
Model,7.16524576439149,0.0110134210564183,0.0811185994822259
