Term,F,p,PartialEta2
Model,3.85419744537653,0.0127171736166685,0.0663934618896832
. Linear,0.585037968923193,0.559606571806825,0.00714506302369888
. Nonlinear,10.3925163982832,0.00187422621049838,0.0600784268253275
. Lack of fit,0.97297984821169,0.686013787211128,0.312697832609698
