ROI,F,df1,df2,p,PartialEta2,CohensF
Left_DLPFC,10.3925163982832,1,75,0.00187422621049838,0.121702894312319,0.372245732427442
