Term,F,p,PartialEta2
Model,3.36359789296236,0.0744924309350299,0.0401167690283977
. Lack of fit,0.891611231093478,0.703553260912247,0.314254267436354
