Estimate,SE,tStat,pValue
0.0759738707198817,0.0734104646321291,1.03491881028949,0.307248324215356
0.0494043469529543,0.0269378622089394,1.83401142116465,0.0744924309350299
