Estimate,SE,tStat,pValue
-0.0194609527003144,0.0901156767779119,-0.21595524104286,0.830208796170452
-0.0627180814573779,0.033650729402152,-1.86379560180847,0.0703008723808511
