Term,F,p,PartialEta2
Model,6.03209690465241,0.0188648339348247,0.0700883449628068
