Term,F,p,PartialEta2
Model,7.06056683772392,0.0115641658292933,0.0801234226482849
