Term,F,p,PartialEta2
Model,7.62526790857555,0.00890611209515465,0.0854366625226491
