Estimate,SE,tStat,pValue
-0.946791778588406,0.169717325181085,-5.57863952650795,2.33683138672891e-06
-0.0231851639841244,0.063375341435882,-0.365838880845814,0.716568719769292
