Estimate,SE,tStat,pValue
-0.16851801404025,0.123871543094246,-1.36042556531355,0.181926100198671
-0.122909503875797,0.0462557451303875,-2.65717271507215,0.0115641658292933
