Term,F,p,PartialEta2
Model,0.263297315865268,0.610914215004863,0.00353293099149825
