Estimate,SE,tStat,pValue
-0.216434010332868,0.220709885109028,-0.980626718309207,0.333145754070481
-0.0422901411062653,0.0824168322953149,-0.513125048955191,0.610914215004863
