Estimate,SE,tStat,pValue
-0.245304560435685,0.123516451517759,-1.98600718707027,0.0544789372434163
-0.113279962071476,0.0461231478844856,-2.45603275724336,0.0188648339348247
