Term,F,p,PartialEta2
Model,0.133838086738518,0.716568719769292,0.00180210414051322
