Estimate,SE,tStat,pValue
-0.197520101393467,0.10965123707106,-1.80134859094624,0.0798020287449703
-0.113066831708414,0.0409456405280406,-2.76138876447623,0.00890611209515468
