Term,F,p,PartialEta2
Model,3.4737340453206,0.0703008723808511,0.0429134366677272
