Term,F,p,PartialEta2
Model,7.59409332463722,0.00016788068354077,0.116325308699939
. Linear,5.82350995020949,0.00445693436195154,0.0630541834777662
. Nonlinear,11.1352600734927,0.00132016197305605,0.0604511206022849
. Lack of fit,3.54058868224484,0.403301156805534,0.301534204818678
