Term,F,p,PartialEta2
Model,4.34194821274211,0.00708363994749327,0.0737945423316866
. Linear,0.3516468514575,0.704682208065892,0.00428334950213148
. Nonlinear,12.3225509353113,0.000760923588319518,0.0700894738264763
. Lack of fit,2.17396858468619,0.500255148256331,0.313145305117055
