Term,F,p,PartialEta2
Model,4.3987061830435,0.00661967498967986,0.0737320557900018
. Linear,2.81560026497957,0.0662110000617847,0.0328524109454758
. Nonlinear,7.56491801917136,0.00745574135699598,0.0436413826539424
. Lack of fit,0.379057900202856,0.891420741253047,0.304027916750254
