Estimate,SE,tStat,pValue
-0.0869518082302032,0.0680367498458039,-1.27801237459561,0.208996999438186
0.0678360096329367,0.0249659854582668,2.71713727248346,0.00986039013293194
