Term,F,p,PartialEta2
Model,10.0454527823803,0.00301375625061141,0.103998346326802
. Lack of fit,2.02079157868367,0.51382727420202,0.302296268809493
