Term,F,p,PartialEta2
Model,12.4815874144906,0.00109765037261747,0.120306157309409
. Lack of fit,0.341696386725088,0.904494363734884,0.278417134547549
