Term,F,p,PartialEta2
Model,7.38283495751884,0.00986039013293192,0.0811846259079487
. Lack of fit,5.90403030020263,0.316958516067179,0.311632523219389
