Estimate,SE,tStat,pValue
-0.0187014171933478,0.0823655656401034,-0.227053830663456,0.821598997534119
0.0957934021815032,0.030223923375134,3.16945622818495,0.0030137562506114
