Estimate,SE,tStat,pValue
0.130363908974281,0.202356905801285,0.64422762572926,0.523297745473651
0.262336122849351,0.0742545694652448,3.53292901350857,0.00109765037261744
