Estimate,SE,tStat,pValue
-0.299511756876616,0.0908823531932963,-3.29559861021192,0.00213383257747235
0.153759489010026,0.0333491460626677,4.61059748639711,4.44499016388766e-05
