Term,F,p,PartialEta2
Model,21.2576091815713,4.44499016389017e-05,0.179049337708425
. Lack of fit,4.87172530132583,0.346850817306954,0.279395366319876
