Estimate,SE,tStat,pValue
-0.372117188774582,0.0895660375489787,-4.15466843189409,0.000177984559171729
0.149687639178761,0.0328661259697179,4.55446557092489,5.28257580320046e-05
