Term,F,p,PartialEta2
Model,20.7431566367402,5.2825758031967e-05,0.17471536962427
. Lack of fit,0.801813840572317,0.728706881505175,0.272821926403864
