Term,F,p,PartialEta2
Model,19.095055561737,9.29053297473363e-05,0.166814318017717
. Lack of fit,3.65653839522572,0.395877113005738,0.283415387160047
