Estimate,SE,tStat,pValue
-0.520384854018921,0.171500087801195,-3.03431246415545,0.00433333358969912
0.274998271569812,0.0629317054068564,4.36978896077797,9.29053297473725e-05
