Estimate,SE,tStat,pValue
-0.0150809219646917,0.0864161567597138,-0.174515073687265,0.862412116454133
-0.0110062249850749,0.028067284455719,-0.392137151794614,0.69720663334309
