Estimate,SE,tStat,pValue
0.155049774919352,0.0688730200380392,2.25124112219439,0.0303972293385651
-0.0301347034532604,0.0223694123554597,-1.34713880608068,0.186128533795254
