Term,F,p,PartialEta2
Model,1.57294278127057,0.217646004252684,0.0203891985917435
