Term,F,p,PartialEta2
Model,1.81478296284847,0.186128533795254,0.0233774714724734
