Estimate,SE,tStat,pValue
0.0153965108880964,0.0820575131672673,0.187630727447369,0.852191337877578
-0.0334256808210823,0.0266516314790372,-1.25417015642638,0.217646004252684
