Estimate,SE,tStat,pValue
-0.0179981974294365,0.0985514831551732,-0.182627362402021,0.856087418175735
0.640306966166373,0.0320087425195327,20.0041274903455,0
