Term,F,p,PartialEta2
Model,0.445284813699433,0.508723350005599,0.005945806206507
