Estimate,SE,tStat,pValue
-0.089289947049268,0.10208678548562,-0.874647454364657,0.387408054753727
0.022125542053838,0.0331569807641645,0.667296645952483,0.508723350005599
