Term,F,p,PartialEta2
Model,0.153771545817592,0.69720663334309,0.00206939348846406
