Term,F,p,PartialEta2
Model,400.165116649995,1.96279282904234e-21,0.457681893418748
