ROI,F,df1,df2,p,PartialEta2,CohensF
ROI1_interaction,13.0279225911729,1,75,0.000551275636419777,0.147997614934961,0.416780079357174
ROI2_null,0.0264678776858713,1,75,0.871200453068881,0.000352780537783298,0.0187857668411917
ROI3_group_main,0.0660971055541826,1,75,0.797810552657509,0.000880518744184078,0.0296866087777374
ROI4_ASD_only,175.918008568121,1,75,2.34451558959318e-21,0.701097579930623,1.53152650893641
ROI5_TD_only,238.099100490448,1,75,5.58976624815478e-25,0.760459228779266,1.78175606445045
