Term,F,p,PartialEta2
Model,2.20327353964954,0.0946701676328343,0.0404964780514045
. Linear,3.29167637063138,0.0426323514105847,0.0403408586628285
. Nonlinear,0.0264678776858713,0.871200453068881,0.00016897666524089
