Term,F,p,PartialEta2
Model,10.9983349161721,4.57889516633998e-06,0.152761717198635
. Linear,9.98354107867164,0.000143154936756738,0.0983783841688851
. Nonlinear,13.0279225911729,0.000551275636419777,0.0664612184298053
