Estimate,SE,tStat,pValue
1.00760316365689,0.0720813778217915,13.9786890054739,1.11022302462516e-16
-0.0429629856976703,0.0256059892660658,-1.67784908644817,0.101584129873742
