Term,F,p,PartialEta2
Model,486.031813702285,2.97020066822791e-23,0.463742659313439
