Estimate,SE,tStat,pValue
-0.070285174403545,0.07528353663728,-0.933606171322458,0.356401806461948
0.58959099430155,0.0267435153058754,22.0461292226613,0
