Estimate,SE,tStat,pValue
-0.0212563408941349,0.0932209984841191,-0.228020952787328,0.820852490214039
0.0286068144184164,0.0331155696337793,0.863847873818128,0.393091563495429
