Estimate,SE,tStat,pValue
-0.0517657384085119,0.0861306756327589,-0.601013959639989,0.551399153842979
-0.0362561996760233,0.0305968229572975,-1.18496615568957,0.243388913038176
