Term,F,p,PartialEta2
Model,0.7462331491001,0.393091563495429,0.00962975092609011
