Term,F,p,PartialEta2
Model,2.81517755689496,0.101584129873743,0.0344868958731185
