Estimate,SE,tStat,pValue
0.0107883133392535,0.0712175276153612,0.151483963295105,0.88039533095569
0.174290723806677,0.0252991175083141,6.88920171817849,3.474389942415e-08
