Term,F,p,PartialEta2
Model,1.40414479012973,0.243388913038177,0.0178172219903304
