Term,F,p,PartialEta2
Model,47.4611003137535,3.47438994042805e-08,0.277676627960028
